"DESCRIPTION","DURATION IN MS","NAME","PARENT SUITE","START TIME","STATUS","STOP TIME","SUB SUITE","SUITE","TEST CLASS","TEST METHOD"
"","19559","login to new user","chromium","2026-09-23","failed","2026-09-23","","smoke\login.spec.js","",""
"","2164","login to new user","chromium","2026-09-23","passed","2026-09-23","this is starting of test","smoke\login.spec.js","",""
"","5215","login to multi user 1","chromium","2026-09-23","passed","2026-09-23","","smoke\differentusers.spec.js","",""
"","4871","login to multi user 1","chromium","2026-09-23","passed","2026-09-23","this is data driven tests","smoke\differentusers.spec.js","",""
"","4712","login to multi user 3","chromium","2026-09-23","passed","2026-09-23","this is data driven tests","smoke\differentusers.spec.js","",""
"","4538","login to multi user 2","chromium","2026-09-23","passed","2026-09-23","this is data driven tests","smoke\differentusers.spec.js","",""
"","4615","login to multi user 3","chromium","2026-09-23","passed","2026-09-23","","smoke\differentusers.spec.js","",""
"","4211","login to multi user 4","chromium","2026-09-23","passed","2026-09-23","this is data driven tests","smoke\differentusers.spec.js","",""
"","4671","login to multi user 4","chromium","2026-09-23","failed","2026-09-23","","smoke\differentusers.spec.js","",""
"","4803","login to multi user 2","chromium","2026-09-23","passed","2026-09-23","","smoke\differentusers.spec.js","",""
